"slope","lower_limit","Emax","EC50"
-1.99996686918694,0,1.00002969923359,200.006011161357
